transliteration,yiddish
ob,אָב
ov,אָבֿ
ovinu,אָבֿינו
oblast,אָבלאַסט
agent,אַגענט
oger,אָגער
agres,אַגרעס
adaptirer,אַדאַפּטירער
advokat,אַדוואָקאַט
adverb,אַדווערב
adyektiv,אַדיעקטיוו
adl,אַדל
odler,אָדלער
oder,אָדער
oderl,אָדערל
oder,אָדר
adres,אַדרעס
avtograf,אַווטאָגראַף
avtor,אַווטאָר
ovnt,אָוונט
ovntshtern,אָוונטשטערן
azot,אַזאָט
azbuke,אַזבוקע
ozere,אָזערע
ozhene,אָזשענע
akhren,אַחרון
akhrayes,אַחריות
atom,אַטאָם
atak,אַטאַק
atake,אַטאַקע
atmosfer,אַטמאָספֿער
atmosfere,אַטמאָספֿערע
ateizm,אַטעיִזם
ateist,אַטעיִסט
otem,אָטעם
akhtl,אַכטל
akhtsikstl,אַכציקסטל
akhtsntl,אַכצנטל
algebre,אַלגעברע
aluminyum,אַלומיניום
altdaytsh,אַלטדײַטש
althoykhdaytsh,אַלטהויכדײַטש
alter,אַלטער
aligator,אַליגאַטאָר
oliv,אָליוו
almer,אַלמער
alee,אַלעע
alergye,אַלערגיע
alef,אַלף
alef-beys,אַלף־בית
alfabet,אַלפֿאַבעט
alkohol,אַלקאָהאָל
alkoholizm,אַלקאָהאָליזם
am,אַם
ambasade,אַמבאַסאַדע
amoyre,אַמורא
omlet,אָמלעט
amnezye,אַמנעזיע
amerikaner,אַמעריקאַנער
ananas,אַנאַנאַס
anarkhizm,אַנאַרכיזם
anarkhist,אַנאַרכיסט
ondenk,אָנדענק
onheyb,אָנהייב
onheyber,אָנהייבער
anulirung,אַנולירונג
antologye,אַנטאָלאָגיע
ontologye,אָנטאָלאָגיע
onton,אָנטאָן
onteyl,אָנטייל
onteylung,אָנטיילונג
antisemit,אַנטיסעמיט
antisemitizm,אַנטיסעמיטיזם
antipatye,אַנטיפּאַטיע
antik,אַנטיק
antloyf,אַנטלויף
antloyfer,אַנטלויפֿער
antropologye,אַנטראָפּאָלאָגיע
antshuldikung,אַנטשולדיקונג
ansambl,אַנסאַמבל
anekdot,אַנעקדאָט
onfanger,אָנפֿאַנגער
ontsinder,אָנצינדער
onkl,אָנקל
ankete,אַנקעטע
astronoyt,אַסטראָנויט
astronmye,אַסטראָנמיע
osyen,אָסיען
aspirin,אַספּירין
aerodrom,אַעראָדראָם
aeroport,אַעראָפּאָרט
aeroplan,אַעראָפּלאַן
aforizm,אַפֿאָריזם
apatye,אַפּאַטיע
apostol,אַפּאָסטאָל
aparatshik,אַפּאַראַטשיק
apteyk,אַפּטייק
apteyker,אַפּטייקער
apikoyres,אַפּיקורס
opl,אָפּל
apetit,אַפּעטיט
operatsye,אָפּעראַציע
opere,אָפּערע
operete,אָפּערעטע
april,אַפּריל
aprikos,אַפּריקאָס
afikoymen,אַפֿיקומן
afrikaner,אַפֿריקאַנער
afrikanerin,אַפֿריקאַנערין
akordeon,אַקאָרדעאָן
okupatsye,אָקופּאַציע
oktober,אָקטאָבער
oktopus,אָקטאָפּוס
aktor,אַקטאָר
aktyor,אַקטיאָר
aktivitet,אַקטיוויטעט
aktivist,אַקטיוויסט
aktrise,אַקטריסע
aks,אַקס
oks,אָקס
aksl,אַקסל
okean,אָקעאַן
aker,אַקער
aker-ayzn,אַקער־אײַזן
arabish,אַראַביש
araber,אַראַבער
aromat,אַראָמאַט
aramish,אַראַמיש
arbet,אַרבעט
arbeter,אַרבעטער
arbes,אַרבעס
arbeszup,אַרבעסזופּ
argon,אַרגאָן
organ,אָרגאַן
organizatsye,אָרגאַניזאַציע
aroysreyd,אַרויסרייד
aroysred,אַרויסרעד
arumnem,אַרומנעם
orn,אָרון
orn-koydesh,אָרון־קודש
ort,אָרט
ortografye,אָרטאָגראַפֿיע
ortodoks,אָרטאָדאָקס
ortodoksiye,אָרטאָדאָקסיע
artist,אַרטיסט
artistke,אַרטיסטקע
artikl,אַרטיקל
artishok,אַרטישאָק
arterye,אַרטעריע
original,אָריגינאַל
arkhiv,אַרכיוו
arkhitekt,אַרכיטעקט
arkhitektor,אַרכיטעקטאָר
arkheologye,אַרכעאָלאָגיע
armey,אַרמיי
armenish,אַרמעניש
armener,אַרמענער
orevnik,אָרעווניק
orem,אָרעם
oreman,אָרעמאַן
arts,אַרץ
araynfir,אַרײַנפֿיר
ash,אַש
ashboym,אַשבוים
ashkenazi,אַשכּנזי
eyver,אבֿר
adoyn,אדון
adoyni,אדוני
ugerke,אוגערקע
oyg,אויג
oyganes,אויגאַנעס
oygust,אויגוסט
oygn-ledl,אויגן־לעדל
oygn-lepl,אויגן־לעפּל
oygnblik,אויגנבליק
oygnledl,אויגנלעדל
oygnlepl,אויגנלעפּל
oygenes,אויגענעס
oygepl,אויגעפּל
oyvn,אויוון
oyto,אויטאָ
oytobiografye,אויטאָביאָגראַפֿיע
oytomobil,אויטאָמאָביל
oytomat,אויטאָמאַט
oytonomye,אויטאָנאָמיע
oytor,אויטאָר
oysherer,אויסהערער
oyster,אויסטער
oysleyg,אויסלייג
oysshtelung,אויסשטעלונג
oyer,אויער
oyfruf,אויפֿרוף
oyfshtand,אויפֿשטאַנד
umbreng-lager,אומברענג־לאַגער
ungarish,אונגאַריש
unger,אונגער
ungerish,אונגעריש
untergang,אונטערגאַנג
untergrunt,אונטערגרונט
untermentsh,אונטערמענטש
unternemung,אונטערנעמונג
untershid,אונטערשיד
untersheyd,אונטערשייד
univers,אוניווערס
universitet,אוניווערסיטעט
oyfn,אופֿן
oytser,אוצר
ukrainish,אוקראַיִניש
ukrainer,אוקראַיִנער
ur-eynikl,אור־אייניקל
ur-bobe,אור־באָבע
uranus,אוראַנוס
uranyum,אוראַניום
ureltern,אורעלטערן
os,אות
ekhod,אחד
akhren,אחרון
akhrayes,אחריות
iberzetsung,איבערזעצונג
iberzetser,איבערזעצער
ibermentsh,איבערמענטש
idyot,אידיאָט
idilye,אידיליע
ideologye,אידעאָלאָגיע
identitet,אידענטיטעט
italyener,איטאַליענער
ey,איי
eygntum,אייגנטום
eyzl,אייזל
eykhnboym,אייכנבוים
eyl,אייל
eynikl,אייניקל
eyntsol,איינצאָל
eyele,אייעלע
iyer,אייר
eyropeish,אייראָפּעיִש
eyropeer,אייראָפּעער
eyropeerin,אייראָפּעערין
imam,אימאַם
imigrant,אימיגראַנט
imigratsye,אימיגראַציע
ingber,אינגבער
ind,אינד
indzl,אינדזל
indik,אינדיק
inhalt,אינהאַלט
inzl,אינזל
inzhenir,אינזשעניר
inzhenirye,אינזשעניריע
inzhener,אינזשענער
inzhenerye,אינזשענעריע
internet,אינטערנעט
internets,אינטערנעץ
initsyativ,איניציאַטיוו
institut,אינסטיטוט
infinitiv,אינפֿיניטיוו
inflatsye,אינפֿלאַציע
isomer,איסאָמער
iser,איסור
islam,איסלאַם
islamist,איסלאַמיסט
islamer,איסלאַמער
irlender,אירלענדער
ire,אירע
elel,אלול
alef,אלף
alef-beys,אלף־בית
emune,אמונה
amoyre,אמורא
emes,אמת
afikoymen,אפיקומן
orn,ארון
esreg,אתרוג
ayz,אײַז
ayzn,אײַזן
ayznban,אײַזנבאַן
ayzngesheft,אײַזנגעשעפֿט
ayzkrem,אײַזקרעם
ayroplan,אײַראָפּלאַן
bob,באָב
bobe,באָבע
bobe-zeyde,באָבע־זיידע
bobe-mayse,באָבע־מעשׂה
bagazh,באַגאַזש
baginen,באַגינען
bagegenish,באַגעגעניש
bager,באַגער
bagrif,באַגריף
bagreber,באַגרעבער
bod,באָד
badarf,באַדאַרף
bodhitl,באָדהיטל
badekns,באַדעקנס
bodkostum,באָדקאָסטום
badaytung,באַדײַטונג
bahn,באַהן
bavegung,באַוועגונג
bazalt,באַזאַלט
bazukh,באַזוך
bazukher,באַזוכער
batyushke,באַטיושקע
boyarin,באָיאַרין
bal,באַל
balagan,באַלאַגאַן
balad,באַלאַד
balade,באַלאַדע
balalayke,באַלאַלײַקע
baln,באַלן
balebos,באַלעבאָס
baleboste,באַלעבאָסטע
balem,באַלעם
bolshevizm,באָלשעוויזם
bolshevist,באָלשעוויסט
bolshevik,באָלשעוויק
ban,באַן
banane,באַנאַנע
bandzho,באַנדזשאָ
bank,באַנק
bank-kvetsher,באַנק־קוועטשער
bankbetl,באַנקבעטל
bankir,באַנקיר
bankirer,באַנקירער
bas,באַס
bosnyak,באָסניאַק
basketbol,באַסקעטבאָל
baptist,באַפּטיסט
bafelkerung,באַפֿעלקערונג
bafrayung,באַפֿרײַונג
bafrayer,באַפֿרײַער
bak,באַק
bakteryologye,באַקטעריאָלאָגיע
bar,באַר
baron,באַראָן
barg,באַרג
bord,באָרד
border,באָרדער
borsht,באָרשט
bashafung,באַשאַפֿונג
bashafer,באַשאַפֿער
bashlus,באַשלוס
bashefer,באַשעפֿער
bovli,בבֿלי
beged,בגד
badkhn,בדחן
behole,בהלה
beheyme,בהמה
bube,בובע
bubele,בובעלע
budhizm,בודהיזם
budhist,בודהיסט
buhay,בוהיי
buhay,בוהײַ
boygn,בויגן
boygn-shiser,בויגן־שיסער
boytshik,בויטשיק
boytshikl,בויטשיקל
boykh,בויך
boykhreder,בויכרעדער
boym,בוים
bukh,בוך
bulbe,בולבע
bulgarish,בולגאַריש
buksir,בוקסיר
bur,בור
boyre,בורא
burg,בורג
burik,בוריק
bokher,בחור
byografye,ביאָגראַפֿיע
byokhemye,ביאָכעמיע
bialy,ביאַלי
biblyotek,ביבליאָטעק
biblyoteker,ביבליאָטעקער
biblyotekerin,ביבליאָטעקעראין
biber,ביבער
byuro,ביוראָ
byurokrat,ביוראָקראַט
byurokratye,ביוראָקראַטיע
bit,ביט
beygung,בייגונג
beygl,בייגל
beygele,בייגעלע
beyml,ביימל
beyn,ביין
bikhl,ביכל
bikherkrom,ביכערקראָם
bild,בילד
bildung,בילדונג
bilyon,ביליאָן
bilet,בילעט
bime,בימה
bimkem,בימקום
bin,בין
bintl,בינטל
bis,ביס
bisl,ביסל
biskup,ביסקופּ
beytse,ביצה
bitsikl,ביציקל
bitsiklet,ביציקלעט
bik,ביק
biks,ביקס
bir,ביר
birger,בירגער
bishof,בישאָף
beys,בית
beyz-din,בית־דין
beys-oylem,בית־עולם
bkhor,בכור
bkhoyre,בכורה
bloz,בלאָז
blat,בלאַט
blote,בלאָטע
blok,בלאָק
blut,בלוט
blutbod,בלוטבאָד
blum,בלום
blumentop,בלומענטאָפּ
bli,בלי
blintse,בלינצע
blits,בליץ
blitsbriv,בליצבריוו
blitsbrivl,בליצבריוול
blitspost,בליצפּאָסט
blitsshlesl,בליצשלעסל
bletl,בלעטל
blekh,בלעך
blekher,בלעכער
blay,בלײַ
blayer,בלײַער
bimkem,במקום
ben-meylekh,בן־מלך
bonem,בנים
bebl,בעבל
bezem,בעזעם
bet,בעט
bekher,בעכער
balebos,בעל־הבית
baleboste,בעל־הביתטע
balmelokhe,בעל־מלאָכה
bentshlikht,בענטשליכט
benkl,בענקל
besaraber,בעסאַראַבער
bekishe,בעקישע
beker,בעקער
bekeray,בעקערײַ
bekeshe,בעקעשע
ber,בער
beryoze,בעריאָזע
berilyum,בעריליום
bereze,בערעזע
bakoshe,בקשה
broder,בראָדער
brokh,בראָך
brondz,בראָנדז
bronfn,בראָנפֿן
bronkser,בראָנקסער
breyshes,בראשית
bruder,ברודער
brudershaft,ברודערשאַפֿט
broyz,ברויז
broyt,ברויט
broytnitse,ברויטניצע
brunet,ברונעט
brunem,ברונעם
brust,ברוסט
brustkastn,ברוסטקאַסטן
brukliner,ברוקלינער
brie,בריאה
bridershaft,ברידערשאַפֿט
briv,בריוו
breyt,ברייט
breytl,ברייטל
briln,ברילן
brik,בריק
brikl,בריקל
breyre,ברירה
bris,ברית
brokhe,ברכה
breg,ברעג
bret,ברעט
bretl,ברעטל
brem,ברעם
brenholts,ברענהאָלץ
bray,ברײַ
besomem,בשׂמים
bas-malke,בת־מלכּה
bas-kol,בת־קול
bsule,בתולה
baytsh,בײַטש
baykhl,בײַכל
bayshpil,בײַשפּיל
gob,גאָב
goen,גאָון
got,גאָט
gotenyu,גאָטעניו
gal,גאַל
galon,גאַלאָן
gold,גאָלד
goldshmid,גאָלדשמיד
galitsyaner,גאַליציאַנער
galitsyanerin,גאַליציאַנערין
golmeser,גאָלמעסער
golmeserl,גאָלמעסערל
golkrem,גאָלקרעם
gombe,גאָמבע
gomlke,גאָמלקע
gondole,גאָנדאָלע
gandz,גאַנדז
ganz,גאַנז
gas,גאַס
gast,גאַסט
gopl,גאָפּל
gopl-lefl,גאָפּל־לעפֿל
garb,גאַרב
garber,גאַרבער
garberay,גאַרבערײַ
gortn,גאָרטן
gortshitse,גאָרטשיצע
gorile,גאָרילע
goen,גאון
gvure,גבֿורה
gabe,גבאי
gabete,גבאיטע
giber,גבור
gvald,גוואַלד
gvalt,גוואַלט
gutmakhung,גוטמאַכונג
goy,גוי
gulag,גולאַג
gulash,גולאַש
goylem,גולם
gume,גומע
guf,גוף
goyrl,גורל
gazlen,גזלן
gzhive,גזשיווע
gzhivke,גזשיווקע
giber,גיבור
gitar,גיטאַר
gikh,גיך
giml,גימל
gimnazye,גימנאַזיע
gift,גיפֿט
globalizatsye,גלאָבאַליזאַציע
globus,גלאָבוס
gloz,גלאָז
glok,גלאָק
glust,גלוסט
goles,גלות
galekh,גלח
glitsh,גליטש
glik,גליק
glaykhung,גלײַכונג
gan,גן
ganef,גנב
ganef,גנבֿ
gnéyve,גנבֿה
geografye,געאָגראַפֿיע
geolog,געאָלאָג
geologye,געאָלאָגיע
geometrye,געאָמעטריע
geboyrn-tog,געבוירן־טאָג
geboyrntog,געבוירנטאָג
geburtstog,געבורטסטאָג
geburtstog,געבורצטאָג
gegnt,געגנט
gedank,געדאַנק
gedikht,געדיכט
gederem,געדערעם
gevald,געוואַלד
gevalt,געוואַלט
geveyn,געוויין
gevikht,געוויכט
gevins,געווינס
gever,געווער
gezang,געזאַנג
gezunt,געזונט
gezikht,געזיכט
gezel,געזעל
gezelshaft,געזעלשאַפֿט
gezets,געזעץ
geto,געטאָ
getrank,געטראַנק
gelt,געלט
gendzl,גענדזל
genetik,גענעטיק
general,גענעראַל
gesl,געסל
geske,געסקע
gesrokhe,געסרחה
gefil,געפֿיל
geroysh,גערויש
gertl,גערטל
gertner,גערטנער
gertneray,גערטנערײַ
germanets,גערמאַנעץ
gersht,גערשט
geshank,געשאַנק
geshvir,געשוויר
geshtalt,געשטאַלט
geshikhte,געשיכטע
geshmak,געשמאַק
gesheft,געשעפֿט
gesheftsman,געשעפֿטסמאַן
geshprekh,געשפּרעך
grobayzn,גראָבאײַזן
grager,גראַגער
groz,גראָז
gram,גראַם
gramatik,גראַמאַטיק
granit,גראַניט
graf,גראַף
grafit,גראַפֿיט
grafin,גראַפֿין
grafinye,גראַפֿיניע
groshn,גראָשן
gruzinish,גרוזיניש
gruziner,גרוזינער
groyl,גרויל
groyskeyt,גרויסקייט
grunt,גרונט
grupe,גרופּע
gribenes,גריבענעס
grive,גריווע
grivke,גריווקע
greypfrut,גרייפּפֿרוט
greypfrukht,גרייפּפֿרוכט
grikh,גריך
grikhish,גריכיש
grinder,גרינדער
grins,גרינס
grif,גריף
greber,גרעבער
gret,גרעט
grenets,גרענעץ
grayz,גרײַז
gashmies,גשמיות
gayst,גײַסט
date,דאַטע
datshe,דאַטשע
dakh,דאַך
dolar,דאָלאַר
damke,דאַמקע
donershtik,דאָנערשטיק
dankbarkeyt,דאַנקבאַרקייט
dokument,דאָקומענט
doktor,דאָקטאָר
dokter,דאָקטער
dokteray,דאָקטערײַ
daks,דאַקס
dorf,דאָרף
dorfman,דאָרפֿמאַן
dorsht,דאָרשט
dvoryanin,דוואָריאַנין
dvorets,דוואָרעץ
dor,דור
dzhaz,דזשאַז
dzhukhe,דזשוכע
dzhiraf,דזשיראַף
dzshez,דזשעז
dzheyl,דזשעיל
dyademe,דיאַדעמע
dyalekt,דיאַלעקט
dyalektologye,דיאַלעקטאָלאָגיע
dibek,דיבוק
dividend,דיווידענד
dayen,דיין
dikh,דיך
dikhtung,דיכטונג
dikhter,דיכטער
dil,דיל
diment,דימענט
din,דין
dinozaver,דינאָזאַווער
dinastye,דינאַסטיע
dinye,דיניע
dinst,דינסט
dinstog,דינסטאָג
dinstik,דינסטיק
dinstmoyd,דינסטמויד
dinke,דינקע
diskotek,דיסקאָטעק
diskriminatsye,דיסקרימינאַציע
dikdek,דיקדוק
dire,דירה
dire-gelt,דירה־געלט
dlonye,דלאָניע
delfin,דעלפֿין
demografye,דעמאָגראַפֿיע
demokratsye,דעמאָקראַציע
demb,דעמב
denish,דעניש
denker,דענקער
detsember,דעצעמבער
deklaratsye,דעקלאַראַציע
deklinatsye,דעקלינאַציע
dernerung,דערנערונג
derfl,דערפֿל
derklerung,דערקלערונג
dramaturg,דראַמאַטורג
dramaturgye,דראַמאַטורגיע
drame,דראַמע
drakon,דראַקאָן
dorem,דרום
druker,דרוקער
drukeray,דרוקערײַ
dritl,דריטל
dreydl,דריידל
drek,דרעק
draysikstl,דרײַסיקסטל
drayek,דרײַעק
draytsntl,דרײַצנטל
daytsh,דײַטש
daytshmerizm,דײַטשמעריזם
hob,האָב
habikht,האַביכט
hober,האָבער
hoberin,האָבערין
havn,האַוון
hoz,האָז
hotel,האָטעל
haldz,האַלדז
holeptses,האָלעפּצעס
holts,האָלץ
homoseksualutet,האָמאָסעקסואַלוטעט
hamer,האַמער
hon,האָן
handler,האַנדלער
hant,האַנט
hantbukh,האַנטבוך
hantflakh,האַנטפֿלאַך
honik,האָניק
honikteygl,האָניקטייגל
has,האַס
hofenung,האָפֿענונג
hak,האַק
hakfleysh,האַקפֿלייש
hor,האָר
harbst,האַרבסט
horn,האָרן
hore,האָרע
harf,האַרף
harfe,האַרפֿע
harts,האַרץ
harts,הארץ
havdole,הבֿדלה
hut,הוט
hoyz,הויז
hoyzn,הויזן
hoyt,הויט
hoykhdaytsh,הויכדײַטש
hoyptl,הויפּטל
hoyptshtot,הויפּטשטאָט
huligan,הוליגאַן
humor,הומאָר
humorist,הומאָריסט
hun,הון
hunger,הונגער
hundertstl,הונדערטסטל
hunt,הונט
hore,הורה
hidrogen,הידראָגען
hitl,היטל
hey,היי
heybmuter,הייבמוטער
heyvn,הייוון
heykh,הייך
heyl,הייל
heym,היים
heymarbet,היימאַרבעט
heymland,היימלאַנד
heymshtot,היימשטאָט
heyrat,הייראַט
heysherik,היישעריק
hilf,הילף
hilfsverb,הילפֿסווערב
himl,הימל
himne,הימנע
hindl,הינדל
hintele,הינטעלע
hintergesl,הינטערגעסל
historye,היסטאָריע
hirzh,הירזש
hirsh,הירש
halokhe,הלכה
homen-tash,המן־טאַש
homen-tashn,המן־טאַשן
hebreish,העברעיש
hebreish,העברעיִש
held,העלד
heldzl,העלדזל
heldin,העלדין
helyum,העליום
helfand,העלפֿאַנד
helfant,העלפֿאַנט
helft,העלפֿט
helfer,העלפֿער
helferin,העלפֿערין
hemd,העמד
hendler,הענדלער
hentshke,הענטשקע
heft,העפֿט
hekl,העקל
her,הער
herb,הערב
hering,הערינג
hertsog,הערצאָג
haftore,הפֿטרה
hatslokhe,הצלחה
hakdome,הקדמה
horov,הרבֿ
harige,הריגה
haskole,השׂכּלה
hayzl,הײַזל
hayzke,הײַזקע
hayskul,הײַסקול
hayfish,הײַפֿיש
h',ה׳
vog,וואָג
vagon,וואַגאָן
vagine,וואַגינע
vogn,וואָגן
voyevode,וואָיעוואָדע
vakh,וואַך
vokh,וואָך
vakhnakht,וואַכנאַכט
vokhnblat,וואָכנבלאַט
vald,וואַלד
volf,וואָלף
valfish,וואַלפֿיש
volkn,וואָלקן
vampir,וואַמפּיר
vant,וואַנט
vanile,וואַנילע
vane,וואַנע
vants,וואַנץ
vontses,וואָנצעס
vaser,וואַסער
vasershtof,וואַסערשטאָף
vofn,וואָפֿן
vakatsye,וואַקאַציע
vakuum,וואַקוּום
vor,וואָר
vort,וואָרט
varnishkes,וואַרנישקעס
vorem,וואָרעם
varemkeyt,וואַרעמקייט
vortsl,וואָרצל
varshever,וואַרשעווער
vashtsimer,וואַשצימער
vaser,וואסער
vund,וווּנד
vunder,וווּנדער
vursht,וווּרשט
vurshtl,וווּרשטל
voynung,וווינונג
voyntsimer,וווינצימער
vyole,וויאָלע
vyosle,וויאָסלע
vyorst,וויאָרסט
vig,וויג
vigl,וויגל
viglid,וויגליד
vigele,וויגעלע
vider,ווידער
vidergutmakhung,ווידערגוטמאַכונג
vize,וויזע
vey,וויי
veydl,וויידל
vayn,וויין
veyts,ווייץ
vindl,ווינדל
vint,ווינט
vinter,ווינטער
vintertsayt,ווינטערצײַט
visn,וויסן
visnshaft,וויסנשאַפֿט
visnshaftler,וויסנשאַפֿטלער
viskey,וויסקיי
vie,וויִע
vits,וויץ
virus,ווירוס
veb,וועב
vebzaytl,וועבזײַטל
veg,וועג
vegetaryer,וועגעטאַריער
vet,וועט
vet-zayt,וועט־זײַט
veter,וועטער
velosiped,וועלאָסיפּעד
velt,וועלט
velt-milkhome,וועלט־מלחמה
velteyl,וועלטייל
veltsvertl,וועלטסווערטל
veltsmentsh,וועלטסמענטש
venger,ווענגער
venus,ווענוס
vesle,וועסלע
verb,ווערב
verbe,ווערבע
vert,ווערט
vertl,ווערטל
vertele,ווערטעלע
verterbukh,ווערטערבוך
verterklas,ווערטערקלאַס
verst,ווערסט
verk,ווערק
vesh,וועש
vesher,וועשער
vesherin,וועשערין
vayb,ווײַב
vaybl,ווײַבל
vaybershul,ווײַבערשול
vayle,ווײַלע
vayn,ווײַן
vayngortn,ווײַנגאָרטן
vayntroyb,ווײַנטרויב
vaynshl,ווײַנשל
vaynshlboym,ווײַנשלבוים
vaysfish,ווײַספֿיש
vaysrusish,ווײַסרוסיש
zoologye,זאָאָלאָגיע
zoger,זאָגער
zogerin,זאָגערין
zogerke,זאָגערקע
zaverukhe,זאַווערוכע
zotl,זאָטל
zotler,זאָטלער
zakh,זאַך
zalb,זאַלב
zalts,זאַלץ
zamd,זאַמד
zamlbukh,זאַמלבוך
zamler,זאַמלער
zang,זאַנג
zaft,זאַפֿט
zak,זאַק
zok,זאָק
zorg,זאָרג
zoygling,זויגלינג
zoyger,זויגער
zoymen,זוימען
zoyerkroyt,זויערקרויט
zulu,זולו
zumer,זומער
zumer-feygele,זומער־פֿייגעלע
zumertsayt,זומערצײַט
zumerkurs,זומערקורס
zun,זון
zun-untergang,זון־אונטערגאַנג
zunoyfgang,זונאויפֿגאַנג
zoyne,זונה
zuntik,זונטיק
zunfargang,זונפֿאַרגאַנג
zup,זופּ
zukini,זוקיני
zibetl,זיבעטל
zibetsikstl,זיבעציקסטל
zibetsntl,זיבעצנטל
ziveg,זיווג
zeyger,זייגער
zeygerl,זייגערל
zeyde,זיידע
zeyde-bobe,זיידע־באָבע
zeyf,זייף
zilber,זילבער
zin,זין
zinglid,זינגליד
zinger,זינגער
zingerin,זינגערין
zingerke,זינגערקע
zind,זינד
ziskayt,זיסקײַט
zitstrin,זיצטרין
zitsfleysh,זיצפֿלייש
zikorn,זיקאָרן
zikorn,זכּרון
zlote,זלאָטע
zemer,זמר
zemerl,זמרל
zebre,זעברע
zeg,זעג
zekhtsikstl,זעכציקסטל
zekhtsntl,זעכצנטל
zelner,זעלנער
zeltservaser,זעלצערוואַסער
zeneft,זענעפֿט
zekl,זעקל
zekstl,זעקסטל
zokn,זקן
zhabe,זשאַבע
zhargon,זשאַרגאָן
zhuk,זשוק
zhurnal,זשורנאַל
zhurnalizm,זשורנאַליזם
zhurnalist,זשורנאַליסט
zhurnalistik,זשורנאַליסטיק
zhid,זשיד
zhivetse,זשיוועצע
zhmenye,זשמעניע
zayd,זײַד
zayt,זײַט
khaver,חבֿר
khevre,חבֿרה
khevreman,חבֿרה־מאַן
khevreshaft,חבֿרהשאַפֿט
khaverte,חבֿרטע
khavershaft,חבֿרשאַפֿט
kheyder,חדר
khoydesh,חודש
kholemoyed,חול המועד
khumesh,חומש
khupe,חופּה
khutspe,חוצפּה
khurbn,חורבן
khoyshekh,חושך
khazer,חזיר
khazeray,חזירײַ
khazn,חזן
khazal,חז״ל
khidesh,חידוש
khaye,חיה
khayel,חייל
khayem,חיים
khilek,חילוק
khinekh,חינוך
khirek,חיריק
khokhem,חכם
khokhme,חכמה
khale,חלה
kholem,חלום
khomets,חמץ
kheyn,חן
khaneke,חנוכּה
khosid,חסיד
khsides,חסידות
khsidizm,חסידיזם
khosidl,חסידל
khisorn,חסרון
kheyfets,חפֿץ
kharoyses,חרוסת
kheyrem,חרם
kheshbn,חשבון
kheshvn,חשוון
kheyshek,חשק
khasene,חתונה
khsime,חתימה
khosn,חתן
khosn-kale,חתן־כּלה
tabak,טאַבאַק
tog,טאָג
tog-bukh,טאָג־בוך
togblat,טאָגבלאַט
togtsaytung,טאָגצײַטונג
togshul,טאָגשול
tovl,טאָוול
tatuirung,טאַטויִרונג
tate,טאַטע
tate-mame,טאַטע־מאַמע
tokhter,טאָכטער
tol,טאָל
tomat,טאָמאַט
tante,טאַנטע
tants,טאַנץ
top,טאָפּ
topografye,טאָפּאָגראַפֿיע
topyel,טאָפּיעל
tok,טאָק
taktik,טאַקטיק
taksi,טאַקסי
tarakan,טאַראַקאַן
tash,טאַש
tashngelt,טאַשנגעלט
teyves,טבֿת
toyb,טויב
toyznt,טויזנט
toyzntstl,טויזנטסטל
toyt,טויט
tukh,טוך
tuml,טומל
tumler,טומלער
tunfish,טונפֿיש
turme,טורמע
turem,טורעם
tiger,טיגער
tey,טיי
teyg,טייג
teygl,טייגל
teytl,טייטל
teytlboym,טייטלבוים
teyl,טייל
tikhl,טיכל
tint,טינט
tintfish,טינטפֿיש
tifle,טיפֿלע
tir,טיר
tish,טיש
tales,טלית
teater,טעאַטער
teologye,טעאָלאָגיע
teorye,טעאָריע
toes,טעות
tekhnologye,טעכנאָלאָגיע
tekhnik,טעכניק
tekhniker,טעכניקער
telegram,טעלעגראַם
telegrame,טעלעגראַמע
telegraf,טעלעגראַף
televizor,טעלעוויזאָר
televizye,טעלעוויזיע
teleskop,טעלעסקאָפּ
telefon,טעלעפֿאָן
teler,טעלער
tam,טעם
teme,טעמע
templ,טעמפּל
tenenboym,טענענבוים
tentsl,טענצל
tentser,טענצער
teper,טעפּער
tekl,טעקל
teritorye,טעריטאָריע
termometer,טערמאָמעטער
terk,טערק
terkltoyb,טערקלטויב
trotuar,טראָטואַר
trakht,טראַכט
traf,טראַף
trop,טראָפּ
trofey,טראָפֿיי
trotskizm,טראָצקיזם
trotskist,טראָצקיסט
traktor,טראַקטאָר
troyb,טרויב
troym,טרוים
trumeyt,טרומייט
trumpeyt,טרומפּייט
trupe,טרופּע
treyst,טרייסט
trilogye,טרילאָגיע
treger,טרעגער
trer,טרער
tshatshke,טשאַטשקע
tsholnt,טשאָלנט
tshardash,טשאַרדאַש
tshikaves,טשיקאַוועס
tshekh,טשעך
tshekhish,טשעכיש
tshemodan,טשעמאָדאַן
tshekist,טשעקיסט
tshernobl,טשערנאָבל
tsherepakhe,טשערעפּאַכע
tshaynik,טשײַניק
tayvl,טײַוול
tayvele,טײַוועלע
taytsh,טײַטש
taykh,טײַך
tayster,טײַסטער
yog,יאָג
yagde,יאַגדע
yogurt,יאָגורט
yagede,יאַגעדע
yod,יאָד
yor,יאָהר
yanuar,יאַנואַר
yonts,יאָנץ
yapanish,יאַפּאַניש
yapaner,יאַפּאַנער
yor,יאָר
yorhundert,יאָרהונדערט
yortog,יאָרטאָג
yortoyznt,יאָרטויזנט
yarid,יאַריד
yarmulke,יאַרמולקע
yarmlke,יאַרמלקע
yortsendling,יאָרצענדלינג
yortsendlik,יאָרצענדליק
yortsayt,יאָרצײַט
yashtsherke,יאַשטשערקע
yor,יאר
yedie,ידיעה
yugnt,יוגנט
yoykh,יויך
yuli,יולי
yom,יום
yontev,יום־טובֿ
yung,יונג
yunger-man,יונגער־מאַן
yuni,יוני
yunyon,יוניאָן
yupiter,יופּיטער
yikhus,יחוס
yid,ייִד
yidishizm,ייִדישיזם
yidishist,ייִדישיסט
yidishkeyt,ייִדישקייט
yidl,ייִדל
yidene,ייִדענע
yingl,ייִנגל
yingele,ייִנגעלע
yires-hakoved,ייִראת־הכּבֿוד
yam,ים
yam-shtern,ים־שטערן
yisurem,יסורים
yeger,יעגער
yevsektsye,יעווסעקציע
yente,יענטע
yeke,יעקע
yeytser-hatoyv,יצר־הטובֿ
yeytser-hore,יצר־הרע
yirgozn,ירגזון
yerushe,ירושה
yarid,יריד
yash,יש
yeshive,ישיבֿה
yeshive-bokher,ישיבֿה־בחור
yeshivish,ישיבֿיש
yeshive,ישיבה
yosem,יתום
yesoyme,יתומה
yoseml,יתומל
khalve,כאַלווע
khosn,כאָסן
khasene,כאַסענע
khaper,כאַפּער
koved,כּבֿוד
kehune,כּהונה
khvat,כוואַט
khvalye,כוואַליע
koyekh,כּוח
kezayes,כּזית
koyekh,כּח
kale,כּלה
klezayen,כּלי־זיין
khuligan,כוליגאַן
klal,כּלל
kislev,כּסלו
kas,כּעס
kashres,כּשרות
ksube,כּתובה
keser,כּתר
khinezer,כינעזער
khirurg,כירורג
khirurgye,כירורגיע
khmare,כמאַרע
khnyok,כניאָק
khelmer,כעלמער
khelemer,כעלעמער
khemye,כעמיע
khemiker,כעמיקער
khrabine,כראַבינע
khrabye,כראַביע
khronologye,כראָנאָלאָגיע
khrizanteme,כריזאַנטעמע
khreyn,כריין
khremzl,כרעמזל
khrestomatye,כרעסטאָמאַטיע
kashres,כשרות
keser,כתר
labn,לאַבן
logaritm,לאָגאַריטם
logik,לאָגיק
laureat,לאַורעאַט
latvish,לאַטוויש
latutnik,לאַטוטניק
latke,לאַטקע
lam,לאַם
lomp,לאָמפּ
land,לאַנד
landsman,לאַנדסמאַן
landkarte,לאַנדקאַרטע
lapserdak,לאַפּסערדאַק
lopete,לאָפּעטע
lafer,לאַפֿער
laks,לאַקס
loksh,לאָקש
lord,לאָרד
levone,לבֿנה
lehakhes,להכעיס
levyosn,לוויתן
luekh,לוח
loyb,לויב
loyz,לויז
loyer,לויער
levyosn,לויתן
lulev,לולבֿ
lung,לונג
luft,לופֿט
luftmentsh,לופֿטמענטש
luftfeld,לופֿטפֿעלד
lyalke,ליאַלקע
libe,ליבע
libele,ליבעלע
libshaft,ליבשאַפֿט
lign,ליגן
ligner,ליגנער
lid,ליד
liderbukh,לידערבוך
litvak,ליטוואַק
litviner,ליטווינער
litvish,ליטוויש
litium,ליטיום
liter,ליטער
literatur,ליטעראַטור
leyb,לייב
leybikhe,לייביכע
leyter,לייטער
leym,ליים
leyenung,לייענונג
leyener,לייענער
leyke,לייקע
likht,ליכט
likhtl,ליכטל
lilye,ליליע
limonad,לימאָנאַד
limed,לימוד
limene,לימענע
lingvist,לינגוויסט
lingvistik,לינגוויסטיק
lindz,לינדז
linkist,לינקיסט
lip,ליפּ
lik,ליק
lamdn,למדן
lebl,לעבל
lebn,לעבן
leber,לעבער
legende,לעגענדע
leder,לעדער
lezer,לעזער
letish,לעטיש
leml,לעמל
lend,לענד
lendn,לענדן
leninizm,לעניניזם
leninist,לעניניסט
lepl,לעפּל
lefl,לעפֿל
lek,לעק
leker,לעקער
lekerl,לעקערל
lektsye,לעקציע
lernung,לערנונג
lernyingl,לערנייִנגל
lerer,לערער
lererin,לערערין
lets,לץ
leytsekhe,לצעכע
loshn,לשון
loshn-koydesh,לשון־קודש
layb,לײַב
laybl,לײַבל
laybke,לײַבקע
layvnt,לײַוונט
layt,לײַט
mobil-telefon,מאָביל־טעלעפֿאָן
mobilke,מאָבילקע
mogn,מאָגן
magnet,מאַגנעט
madzhar,מאַדזשאַר
modernizm,מאָדערניזם
modernist,מאָדערניסט
maharadzha,מאַהאַראַדזשאַ
mototsikl,מאָטאָציקל
matematik,מאַטעמאַטיק
materye,מאַטעריע
may,מאַי
makh,מאַך
mokh,מאָך
makhorke,מאַכאָרקע
makht,מאַכט
makher,מאַכער
mol,מאָל
molekul,מאָלעקול
moler,מאָלער
moleray,מאָלערײַ
malpe,מאַלפּע
moltsayt,מאָלצײַט
maminke,מאַמינקע
mame,מאַמע
mame-loshn,מאַמע־לשון
moment,מאָמענט
mamenyu,מאַמעניו
mameshi,מאַמעשי
man,מאַן
monat,מאָנאַט
monolog,מאָנאָלאָג
monopol,מאָנאָפּאָל
mango,מאַנגאָ
mangan,מאַנגאַן
manganez,מאַנגאַנעז
mandoline,מאַנדאָלינע
mandl,מאַנדל
mandlakh,מאַנדלאַך
mandlboym,מאַנדלבוים
mandlbrot,מאַנדלבראָט
mandlekh,מאַנדלעך
montik,מאָנטיק
monizm,מאָניזם
monist,מאָניסט
mansbil,מאַנסביל
mansparshoyn,מאַנספּאַרשוין
mos,מאָס
masline,מאַסלינע
moskver,מאָסקווער
moral,מאָראַל
marants,מאַראַנץ
morgn,מאָרגן
morgnshtern,מאָרגנשטערן
morde,מאָרדע
markh,מאַרך
marmalad,מאַרמאַלאַד
marmolad,מאַרמאָלאַד
marmor,מאַרמאָר
marmelad,מאַרמעלאַד
marmer,מאַרמער
marts,מאַרץ
mark,מאַרק
marksizm,מאַרקסיזם
marksist,מאַרקסיסט
marsh,מאַרש
mashin,מאַשין
madim,מאדים
maykhl,מאכל
maymer,מאמר
meyvn,מבֿין
megile,מגילה
midber,מדבר
medine,מדינה
madreyge,מדרגה
medrash,מדרש
moyel,מוהל
moves,מוות
muzey,מוזיי
muzik,מוזיק
muziker,מוזיקער
moyekh,מוח
mut,מוט
muter,מוטער
muter-tseykhn,מוטער־צייכן
muter-shprakh,מוטער־שפּראַך
mutertrakht,מוטערטראַכט
muterland,מוטערלאַנד
mutersheyd,מוטערשייד
mutershprakh,מוטערשפּראַך
moyd,מויד
moyz,מויז
moyl,מויל
moykher-sforim,מוכר־ספֿרים
musulman,מוסולמאַן
muskl,מוסקל
moyre,מורא
murashke,מוראַשקע
mezuze,מזוזה
mazl,מזל
mizrekh,מזרח
mekhaber,מחבר
mekhutn,מחותּן
mekhutonishaft,מחותּנישאַפֿט
mekhuteneste,מחותּנתטע
mekháye,מחיה
makhloykes,מחלוקת
matbeye,מטבע
myate,מיאַטע
meyeskeyt,מיאוסקייט
midkeyt,מידקײט
mit,מיט
mite,מיטה
mitvokh,מיטוואָך
mitl,מיטל
mitlhoykhdaytsh,מיטלהויכדײַטש
mitlshul,מיטלשול
mitn,מיטן
meydl,מיידל
meydele,מיידעלע
meynung,מיינונג
milgroym,מילגרוים
mile,מילה
milyon,מיליאָן
milyoner,מיליאָנער
milyard,מיליאַרד
miligram,מיליגראַם
militant,מיליטאַנט
militer,מיליטער
mililiter,מיליליטער
milimeter,מילימעטער
milkh,מילך
milkhiger,מילכיגער
milkiker,מילכיקער
milekh,מילעך
min,מין
minaret,מינאַרעט
minderheyt,מינדערהייט
minut,מינוט
minister,מיניסטער
minsker,מינסקער
mineral-vaser,מינעראַל־וואַסער
mints,מינץ
mistitsizm,מיסטיציזם
myente,מיענטע
mikrofilm,מיקראָפֿילם
mirml,מירמל
mishne,מישנה
mishpokhe,מישפּאָכע
makabi,מכּבי
makabeyer,מכּבייער
make,מכּה
melokhe,מלאָכה
malekh,מלאך
malakhamoves,מלאך־המות
melokhe,מלאכה
melukhe,מלוכה
milkhome,מלחמה
meylekh,מלך
malke,מלכה
malke,מלכּה
melamed,מלמד
memshole,ממשלה
man,מן
menagan,מנגן
mineg,מנהג
mnoyre,מנורה
minkhe,מנחה
minyen,מנין
mesoyre,מסורה
mesire,מסירה
mesekhte,מסכתא
mesekhte,מסכתּא
misper,מספּר
mebl,מעבל
medikament,מעדיקאַמענט
metod,מעטאָד
metodist,מעטאָדיסט
metodik,מעטאָדיק
metode,מעטאָדע
metafizik,מעטאַפֿיזיק
meteorologye,מעטעאָראָלאָגיע
meter,מעטער
metro,מעטראָ
metshet,מעטשעט
mekhaniker,מעכאַניקער
mel,מעל
melon,מעלאָן
mayle,מעלה
memuarn,מעמואַרן
mentsh,מענטש
meser,מעסער
mekler,מעקלער
mer,מער
mayrev,מערב
mayrev,מערבֿ
merheyt,מערהייט
marokhe,מערכה
mertsol,מערצאָל
mesh,מעש
mayse/manse,מעשׂה
mayse/manse,מעשה
mafter,מפֿטיר
matse,מצה
metsiye,מציאה
mikve,מקווה
mokem,מקום
maskil,משׂכּיל
meshugener,משוגענער
meshugas,משוגעת
moshiyekh,משיח
moshl,משל
mishpokhe,משפּחה
mishpokhe,משפחה
mashke,משקה
meys,מת
matone,מתּנה
misnaged,מתנגד
may,מײַ
mayl,מײַל
mayster,מײַסטער
nagan,נאַגאַן
nogl,נאָגל
nodl,נאָדל
november,נאָוועמבער
noz,נאָז
nozlokh,נאָזלאָך
natur,נאַטור
nakht,נאַכט
nakhthemd,נאַכטהעמד
nokhloyfer,נאָכלויפֿער
nomen,נאָמען
nos,נאָס
natsi,נאַצי
natsyonal-sotsyalizm,נאַציאָנאַל־סאָציאַליזם
natsyonalizm,נאַציאָנאַליזם
natsizm,נאַציזם
nakn,נאַקן
nar,נאַר
narishkeyt,נאַרישקייט
nevue,נבֿואה
novi,נבֿיא
neviye,נבֿיאה
ngid,נגיד
nadn,נדן
noyef,נואף
nudnik,נודניק
nul,נול
numer,נומער
nus,נוס
nusekh,נוסח
nuts,נוץ
nukleon,נוקלעאָן
nakhes,נחת
nief,ניאוף
nign,ניגון
nigndl,ניגונדל
nihilizm,ניהיליזם
nihilist,ניהיליסט
nivo,ניוואָ
nitl,ניטל
nitlboym,ניטלבוים
neytron,נייטראָן
neymashin,ניימאַשין
nis,ניס
nisl,ניסל
nisn,ניסן
niseray,ניסערײַ
niked,ניקוד
nikl,ניקל
nir,ניר
nes,נס
neon,נעאָן
nebish,נעביש
neger,נעגער
negerte,נעגערטע
nevrologye,נעווראָלאָגיע
nest,נעסט
neptun,נעפּטון
neptunyum,נעפּטוניום
nepl,נעפּל
nets,נעץ
nerv,נערוו
nekome,נקמה
neshome,נשמה
nayntl,נײַנטל
nayntsikstl,נײַנציקסטל
nayntsntl,נײַנצנטל
nayes,נײַעס
sod,סאָד
sode,סאָדע
sovyet,סאָוויעט
sove,סאָווע
sovetizatsye,סאָוועטיזאַציע
sazhlke,סאַזשלקע
saturn,סאַטורן
salat,סאַלאַט
soldat,סאָלדאַט
samoderzhavye,סאַמאָדערזשאַוויע
sosne,סאָסנע
sofe,סאָפֿע
sotsyolog,סאָציאָלאָג
sotsyologye,סאָציאָלאָגיע
sotsyalizm,סאָציאַליזם
sotsyalist,סאָציאַליסט
saksofon,סאַקסאָפֿאָן
saroke,סאַראָקע
soroke,סאָראָקע
svive,סבֿיבֿה
seyder,סדר
subotnik,סובאָטניק
substantiv,סובסטאַנטיוו
sod,סוד
sultan,סולטאַן
sof,סוף
soyfer,סופֿר
skhoyre,סחורה
stav,סטאַוו
statistik,סטאַטיסטיק
stolyar,סטאָליאַר
stalinizm,סטאַליניזם
stalinist,סטאַליניסט
stolyer,סטאָליער
stashke,סטאַשקע
stashkeshmir,סטאַשקעשמיר
studyo,סטודיאָ
studye,סטודיע
student,סטודענט
studentin,סטודענטין
studentke,סטודענטקע
struzh,סטרוזש
strune,סטרונע
sibirer,סיבירער
sider,סידור
sivn,סיוון
seym,סיים
seymist,סיימיסט
silitsyum,סיליציום
silikon,סיליקאָן
simbol,סימבאָל
simen,סימן
sinagoge,סינאַגאָגע
sirop,סיראָפּ
sirup,סירופּ
slovak,סלאָוואַק
slovakish,סלאָוואַקיש
sam,סם
smoking,סמאָקינג
smaragd,סמאַראַגד
smikhe,סמיכה
smetene,סמעטענע
snop,סנאָפּ
sude,סעודה
selerye,סעלעריע
senat,סענאַט
senator,סענאַטאָר
senyor,סעניאָר
senyora,סעניאָראַ
september,סעפּטעמבער
sekunde,סעקונדע
sekte,סעקטע
seks,סעקס
serbish,סערביש
servetke,סערוועטקע
serye,סעריע
spodik,ספּאָדיק
spodnitse,ספּאָדניצע
spodek,ספּאָדעק
sparzhe,ספּאַרזשע
spudnitse,ספּודניצע
spiritualizm,ספּיריטואַליזם
spektakl,ספּעקטאַקל
seyfer,ספֿר
seyfer-toyre,ספֿר־תּורה
skorpyon,סקאָרפּיאָן
stire,סתּירה
aveyre,עבֿרה
ivre,עבֿרי
eyd,עד
oylem,עולם
oymer,עומר
of,עוף
eyfele,עופֿעלע
etik,עטיק
etnografye,עטנאָגראַפֿיע
iber-yor,עיבור־יאָר
ile,עילוי
eyn-hore,עין־הרע
eltern,עלטערן
elterns,עלטערנס
alie,עליה
elnboygn,עלנבויגן
elegye,עלעגיע
elefant,עלעפֿאַנט
elektron,עלעקטראָן
elektrye,עלעקטריע
elektritsitet,עלעקטריציטעט
elektriker,עלעקטריקער
elektre,עלעקטרע
elf,עלף
elftl,עלפֿטל
amorets,עם הארץ
amorets,עם־האָרץ
emigrant,עמיגראַנט
emigratsye,עמיגראַציע
amkho,עמך
emer,עמער
english,ענגליש
entfer,ענטפֿער
inyen,ענין
enlekhkeyt,ענלעכקייט
energye,ענערגיע
entsiklopedye,ענציקלאָפּעדיע
enkavedenik,ענקאַוועדעניק
estraykher,עסטרײַכער
esey,עסיי
esik,עסיק
esn,עסן
esperanto,עספּעראַנטאָ
epokhe,עפּאָכע
epidemyologye,עפּידעמיאָלאָגיע
epidemye,עפּידעמיע
epilog,עפּילאָג
epistemologye,עפּיסטעמאָלאָגיע
epl,עפּל
eplboym,עפּלבוים
eplzaft,עפּלזאַפֿט
eytse,עצה
ekonomye,עקאָנאָמיע
ekonomik,עקאָנאָמיק
ekdish,עקדיש
ekvator,עקוואַטאָר
ekzemplar,עקזעמפּלאַר
ekzekutsye,עקזעקוציע
akore,עקרה
eroport,עראָפּאָרט
eroplan,עראָפּלאַן
erd,ערד
erdarbeter,ערדאַרבעטער
fabrik,פֿאַבריק
fodem,פֿאָדעם
fazan,פֿאַזאַן
foter,פֿאָטער
foterland,פֿאָטערלאַנד
fokh,פֿאָך
folk,פֿאָלק
folklor,פֿאָלקלאָר
folksbiblyotek,פֿאָלקסביבליאָטעק
folksvertl,פֿאָלקסווערטל
folksrepublik,פֿאָלקסרעפּובליק
folksshul,פֿאָלקסשול
familye,פֿאַמיליע
fon,פֿאָן
fonologye,פֿאָנאָלאָגיע
fonetik,פֿאָנעטיק
fonem,פֿאָנעם
fasolye,פֿאַסאָליע
fosil,פֿאָסיל
fosfat,פֿאָספֿאַט
fakt,פֿאַקט
faktor,פֿאַקטאָר
farakhtung,פֿאַראַכטונג
fareyn,פֿאַראיין
fareynikung,פֿאַראייניקונג
farb,פֿאַרב
farband,פֿאַרבאַנד
farbeserung,פֿאַרבעסערונג
farbrekh,פֿאַרברעך
farbrekher,פֿאַרברעכער
farbrengen,פֿאַרברענגען
fargang,פֿאַרגאַנג
fargangenheyt,פֿאַרגאַנגענהייט
fargevaldigung,פֿאַרגעוואַלדיגונג
fargenign,פֿאַרגעניגן
fartog,פֿאַרטאָג
farlag,פֿאַרלאַג
farmer,פֿאַרמער
forem,פֿאָרעם
farfl,פֿאַרפֿל
forts,פֿאָרץ
farkoyf,פֿאַרקויף
farkoyfer,פֿאַרקויפֿער
farkoyferin,פֿאַרקויפֿערין
forshung,פֿאָרשונג
forshtelung,פֿאָרשטעלונג
fashizm,פֿאַשיזם
fashist,פֿאַשיסט
pakhve,פאכווע
far,פאר
pogrom,פּאָגראָם
podloge,פּאָדלאָגע
podkove,פּאָדקאָווע
podkeve,פּאָדקעווע
peye,פּאַה
povidle,פּאָווידלע
pave,פּאַווע
potasyum,פּאָטאַסיום
patlezhan,פּאַטלעזשאַן
potkove,פּאָטקאָווע
potkeve,פּאָטקעווע
patryot,פּאַטריאָט
patryotizm,פּאַטריאָטיזם
payats,פּאַיאַץ
poyezd,פּאָיעזד
pakhve,פּאַכווע
palats,פּאַלאַץ
polyatshke,פּאָליאַטשקע
polyaner,פּאָליאַנער
polyak,פּאָליאַק
politik,פּאָליטיק
politsyant,פּאָליציאַנט
politsey,פּאָליציי
politsist,פּאָליציסט
politse,פּאָליצע
paleontolog,פּאַלעאָנטאָלאָג
paleontologye,פּאַלעאָנטאָלאָגיע
palestiner,פּאַלעסטינער
pomidor,פּאָמידאָר
pomerants,פּאָמעראַנץ
pompernikl,פּאָמפּערניקל
pan,פּאַן
pani,פּאַני
post,פּאָסט
pastushke,פּאַסטושקע
pastekh,פּאַסטעך
pastrami,פּאַסטראַמי
pastrame,פּאַסטראַמע
paskhe,פּאַסכע
paskudnyak,פּאַסקודניאַק
poezye,פּאָעזיע
poet,פּאָעט
poem,פּאָעם
poeme,פּאָעמע
popugay,פּאָפּוגײַ
papiros,פּאַפּיראָס
papiresl,פּאַפּירעסל
paprike,פּאַפּריקע
pots,פּאָץ
pokn,פּאָקן
por,פּאָר
paradoks,פּאַראַדאָקס
parodist,פּאַראָדיסט
parodye,פּאַראָדיע
parapsikhologye,פּאַראַפּסיכאָלאָגיע
partizan,פּאַרטיזאַן
partey,פּאַרטיי
parizer,פּאַריזער
porl,פּאָרל
pornografye,פּאָרנאָגראַפֿיע
pare,פּאַרע
porfolk,פּאָרפֿאָלק
park,פּאַרק
parshoyn,פּאַרשוין
pasha,פּאַשאַ
peye,פּאה
pud,פּוד
puter,פּוטער
poylish,פּויליש
poyer,פּויער
poyps,פּויפּס
poypst,פּויפּסט
poyk,פּויק
poykshtekl,פּויקשטעקל
punkt,פּונקט
purimshpil,פּורימשפּיל
pushke,פּושקע
futer,פֿוטער
pyavke,פּיאַווקע
pyate,פּיאַטע
pyon,פּיאָן
pyane,פּיאַנע
foygl,פֿויגל
pidkove,פּידקאָווע
pizhames,פּיזשאַמעס
pilot,פּילאָט
pingvin,פּינגווין
foyst,פֿויסט
pistoyl,פּיסטויל
pisk,פּיסק
pyese,פּיעסע
pipernoter,פּיפּערנאָטער
pitse,פּיצע
pikholts,פּיקהאָלץ
pirog,פּיראָג
peyresh,פּירוש
pirushke,פּירושקע
plazhe,פּלאַזשע
platinum,פּלאַטינום
planet,פּלאַנעט
planete,פּלאַנעטע
plats,פּלאַץ
pluto,פּלוטאָ
plutonyum,פּלוטאָניום
plyush,פּליוש
polet,פּליט
pleyte,פּליטה
pleytse,פּלייצע
plimenitse,פּלימעניצע
plimenik,פּלימעניק
pletsl,פּלעצל
plishti,פּלשתּי
fungus,פֿונגוס
funt,פֿונט
ponem,פּנים
peneml,פּנימל
funk,פֿונק
fus,פֿוס
fusbal,פֿוסבאַל
fusbol,פֿוסבאָל
fusbalist,פֿוסבאַליסט
fusbolist,פֿוסבאָליסט
posek,פּסוק
psikhoanaliz,פּסיכאָאַנאַליז
psikhoanalitiker,פּסיכאָאַנאַליטיקער
psikholog,פּסיכאָלאָג
psikhologye,פּסיכאָלאָגיע
psikhe,פּסיכע
pedler,פּעדלער
pelikan,פּעליקאַן
pelts,פּעלץ
pempik,פּעמפּיק
penis,פּעניס
peso,פּעסאָ
peklfleysh,פּעקלפֿלייש
perl,פּערל
fuftsikstl,פֿופֿציקסטל
fuftsntl,פֿופֿצנטל
fuks,פֿוקס
problem,פּראָבלעם
probe,פּראָבע
proze,פּראָזע
proton,פּראָטאָן
proyekt,פּראָיעקט
prolog,פּראָלאָג
pronom,פּראָנאָם
profesor,פּראָפֿעסאָר
profesye,פּראָפֿעסיע
prof',פּראָפֿ׳
protsent,פּראָצענט
praktik,פּראַקטיק
prusak,פּרוסאַק
prat,פּרט
priz,פּריז
priziv,פּריזיוו
prizivnik,פּריזיווניק
prints,פּרינץ
printsip,פּרינציפּ
printsesin,פּרינצעסין
pripetshik,פּריפּעטשיק
prezident,פּרעזידענט
premye,פּרעמיע
premyer,פּרעמיער
prepozitsye,פּרעפּאָזיציע
parshe,פּרשה
prayz,פּרײַז
pasekh,פּתח
payn,פּײַן
paykl,פּײַקל
paykler,פּײַקלער
fi,פֿי
fyalke,פֿיאַלקע
fidl,פֿידל
fidler,פֿידלער
fizik,פֿיזיק
fiziker,פֿיזיקער
feygele,פֿייגעלע
fikh,פֿיך
filolog,פֿילאָלאָג
filologye,פֿילאָלאָגיע
filosofye,פֿילאָסאָפֿיע
film,פֿילם
finants,פֿינאַנץ
finger,פינגער
finger,פֿינגער
fingerl,פֿינגערל
finish,פֿיניש
finsternish,פֿינסטערניש
finftl,פֿינפֿטל
fintsternish,פֿינצטערניש
fistashke,פֿיסטאַשקע
fisl,פֿיסל
firzogerin,פֿירזאָגערין
firme,פֿירמע
firer,פֿירער
fish,פֿיש
fisher,פֿישער
flaterl,פֿלאַטערל
flam,פֿלאַם
flash,פֿלאַש
floy,פֿלוי
floym,פֿלוים
fli,פֿלי
flig,פֿליג
fligl,פֿליגל
fleyt,פֿלייט
fleytist,פֿלייטיסט
fleysh,פֿלייש
flifeld,פֿליפֿעלד
fledermoyz,פֿלעדערמויז
februar,פֿעברואַר
feder,פֿעדער
federatsye,פֿעדעראַציע
feld,פֿעלד
felyeton,פֿעליעטאָן
felyetonist,פֿעליעטאָניסט
feminizm,פֿעמיניזם
feminist,פֿעמיניסט
fentster,פֿענצטער
fefer,פֿעפֿער
fets,פֿעץ
ferd,פֿערד
ferdbin,פֿערדבין
ferdl,פֿערדל
fertl,פֿערטל
feris-rod,פֿעריס־ראָד
ferishke,פֿערישקע
fertsikstl,פֿערציקסטל
fertsntl,פֿערצנטל
fershke,פֿערשקע
fragment,פֿראַגמענט
frage,פֿראַגע
frantsoyz,פֿראַנצויז
frantseyzish,פֿראַנצייזיש
froy,פֿרוי
frukht,פֿרוכט
frumak,פֿרומאַק
frumkayt,פֿרומקײַט
freyd,פֿרייד
friling,פֿרילינג
frimorgn,פֿרימאָרגן
frishtik,פֿרישטיק
fregtseykhn,פֿרעגצייכן
freser,פֿרעסער
fraytik,פֿרײַטיק
fraynd,פֿרײַנד
frayndin,פֿרײַנדין
frayndshaft,פֿרײַנדשאַפֿט
fayl,פֿײַל
fayer,פֿײַער
fayerl,פֿײַערל
fayertsung,פֿײַערצונג
fayfl,פֿײַפֿל
f',פֿ׳
tsol,צאָל
tsam,צאַם
tson,צאָן
tsondokter,צאָנדאָקטער
tsop,צאָפּ
tsapnberdl,צאַפּנבערדל
tsatske,צאַצקע
tsar,צאַר
tsarine,צאַרינע
tsaritse,צאַריצע
tsadek,צדיק
tsedoke,צדקה
tsadeykes,צדקת
tsug,צוג
tsuherer,צוהערער
tsvantsikstl,צוואַנציקסטל
tsvorekh,צוואָרעך
tsvit,צוויט
tsviling,צווילינג
tsvinter,צווינטער
tsvelftl,צוועלפֿטל
tsvayg,צווײַג
tsvaygmeser,צווײַגמעסער
tsung,צונג
tsukunft,צוקונפֿט
tsuker,צוקער
tsure,צורה
tsibele,ציבעלע
tsig,ציג
tsigar,ציגאַר
tsigl,ציגל
tsigele,ציגעלע
tsigayner,ציגײַנער
tsienizm,ציוניזם
tsienist,ציוניסט
tsiter,ציטער
tsitron,ציטראָן
tsitrin,ציטרין
tseykhn,צייכן
tseynshtekher,ציינשטעכער
tsil,ציל
tsilinder,צילינדער
tsimukim-vayn,צימוקים־ווײַן
tsimes,צימעס
tsimer,צימער
tsimering,צימערינג
tsimring,צימרינג
tsink,צינק
tsienist,ציעניסט
tsienist,ציִעניסט
tsits,ציץ
tsitsis,ציצית
tsitsl,ציצל
tsitse,ציצע
tsir,ציר
tsirung,צירונג
tsnies,צניעות
tsederboym,צעדערבוים
tsendlik,צענדליק
tsenzus,צענזוס
tsentimeter,צענטימעטער
tsentl,צענטל
tsenter,צענטער
tsenerling,צענערלינג
tsar,צער
tserkve,צערקווע
tsofn,צפֿון
tsore,צרה
tsayt,צײַט
tsaytung,צײַטונג
tsaytforme,צײַטפֿאָרמע
tsaytshrift,צײַטשריפֿט
kobalt,קאָבאַלט
kagebeshnik,קאַגעבעשניק
kovadle,קאָוואַדלע
koval,קאָוואַל
kavyar,קאַוויאַר
kave,קאַווע
kovel,קאָוועל
kavenik,קאַוועניק
kavene,קאַווענע
kozak,קאָזאַק
katalog,קאַטאַלאָג
kategorye,קאַטעגאָריע
katsher,קאַטשער
katshke,קאַטשקע
kokhbukh,קאָכבוך
kalosh,קאַלאָש
kolvirtnik,קאָלווירטניק
kalyum,קאַליום
kalifyor,קאַליפֿיאָר
kalike,קאַליקע
kolir,קאָליר
kolkhoz,קאָלכאָז
kolkhoznik,קאָלכאָזניק
kale,קאַלע
koleg,קאָלעג
kolegin,קאָלעגין
kolege,קאָלעגע
kalendar,קאַלענדאַר
kaltsyum,קאַלציום
kalkulus,קאַלקולוס
kalke,קאַלקע
kam,קאַם
kamod,קאַמאָד
komod,קאָמאָד
komode,קאָמאָדע
komar,קאָמאַר
komunizm,קאָמוניזם
komunist,קאָמוניסט
komunistke,קאָמוניסטקע
komitet,קאָמיטעט
kamish,קאַמיש
kome,קאָמע
komedye,קאָמעדיע
kamf,קאַמף
kompozitor,קאָמפּאָזיטאָר
kampanye,קאַמפּאַניע
kompyuter,קאָמפּיוטער
kon,קאָן
kanarik,קאַנאַריק
kongres,קאָנגרעס
konduktor,קאָנדוקטאָר
konverb,קאָנווערב
kantonist,קאַנטאָניסט
konte,קאָנטע
kontrolyor,קאָנטראָליאָר
kontrakt,קאָנטראַקט
konyugatsye,קאָניוגאַציע
konyunktiv,קאָניונקטיוו
konstitutsye,קאָנסטיטוציע
konferents,קאָנפֿערענץ
kontsert,קאָנצערט
kastn,קאַסטן
kaste,קאַסטע
kosmonoyt,קאָסמאָנויט
kosmos,קאָסמאָס
kop,קאָפּ
kapital,קאַפּיטאַל
kapitalizm,קאַפּיטאַליזם
kapitalist,קאַפּיטאַליסט
kapitl,קאַפּיטל
kapelyush,קאַפּעליוש
kopeke,קאָפּעקע
kaper,קאַפּער
kafe,קאַפֿע
kats,קאַץ
kakao,קאַקאַאָ
kaker,קאַקער
kort,קאָרט
karton,קאַרטאָן
kartofl,קאַרטאָפֿל
kartoflye,קאַרטאָפֿליע
karte,קאַרטע
karikatur,קאַריקאַטור
korn,קאָרן
kornbroyt,קאָרנברויט
kore,קאָרע
karp,קאַרפּ
karsh,קאַרש
karshnboym,קאַרשנבוים
koshtshol,קאָשטשאָל
koshik,קאָשיק
koshikl,קאָשיקל
koshmar,קאָשמאַר
kashe,קאַשע
kop,קאפ
kapele,קאפעלע
keyver,קבֿר
kvores,קבֿרות
kabole,קבלה
kodesh,קדוש
kdushe,קדושה
kadesh,קדיש
kehile,קהילה
ku,קו
kugl,קוגל
kvote,קוואָטע
kvater,קוואַטער
kvaterin,קוואַטערין
kval,קוואַל
kvit,קוויט
kvitung,קוויטונג
kvitl,קוויטל
kveyt,קווייט
kvetsher,קוועטשער
kutshme,קוטשמע
koyl,קויל
koylnshtof,קוילנשטאָף
koymen,קוימען
koyfman,קויפֿמאַן
koysh,קויש
koyshbol,קוישבאָל
kukhn,קוכן
kol,קול
kultur,קולטור
kunst,קונסט
kunts,קונץ
kuntsnmakher,קונצנמאַכער
kust,קוסט
kusele,קוסעלע
kuper,קופּער
kuropate,קוראָפּאַטע
kurve,קורווע
kurs,קורס
kush,קוש
kibuts,קיבוץ
kidesh,קידוש
kiyem,קיום
kitl,קיטל
keyt,קייט
keyser,קייסער
keyshl,קיישל
kikh,קיך
kikhl,קיכל
kilo,קילאָ
kilometer,קילאָמעטער
kimpet,קימפּעט
kimpet-palate,קימפּעט־פּאַלאַטע
kimpetorin,קימפּעטאָרין
kimpetkind,קימפּעטקינד
kin,קין
kino,קינאָ
kinbeyn,קינביין
kind,קינד
kindele,קינדעלע
kinderbikhl,קינדערביכל
kindergortn,קינדערגאָרטן
kinig,קיניג
kinigin,קיניגין
kinigl,קיניגל
kinstler,קינסטלער
kinstlerin,קינסטלערין
kirzhner,קירזשנער
kirkh,קירך
kirkhe,קירכע
kishinever,קישינעווער
kishn,קישן
kishke,קישקע
klog,קלאָג
kloglid,קלאָגליד
kloger,קלאָגער
klavyatur,קלאַוויאַטור
klas,קלאַס
klasnkamf,קלאַסנקאַמף
klarnet,קלאַרנעט
klarnetist,קלאַרנעטיסט
kloyster,קלויסטער
kley,קליי
klimat,קלימאַט
klipe,קליפּה
klole,קללה
klezmer,קלעזמער
komets,קמץ
komets-alef,קמץ־אַלף
komets-alef,קמץ־אלף
knobl,קנאָבל
kanoes,קנאות
kni,קני
kneydl,קניידל
knish,קניש
knas,קנס
knekht,קנעכט
knekhl,קנעכל
knayper,קנײַפּער
ksilofon,קסילאָפֿאָן
kez,קעז
ketshop,קעטשאָפּ
kelner,קעלנער
kelnerin,קעלנערין
kelnershe,קעלנערשע
keml,קעמל
kemfer,קעמפֿער
kenig,קעניג
kenigin,קעניגין
kepl,קעפּל
ketsl,קעצל
ketsele,קעצעלע
kern,קערן
kerndl,קערנדל
kernitse,קערניצע
kerper,קערפּער
keshene,קעשענע
keshenever,קעשענעווער
kro,קראָ
krab,קראַב
kravat,קראַוואַט
krom,קראָם
kraft,קראַפֿט
krokodil,קראָקאָדיל
korbn,קרבן
kroyt,קרויט
kroyn,קרוין
kroynele,קרוינעלע
krupnik,קרופּניק
krig,קריג
kritik,קריטיק
kritiker,קריטיקער
krinitse,קריניצע
krist,קריסט
kripton,קריפּטאָן
krem,קרעם
kreml,קרעמל
kremer,קרעמער
krenitse,קרעניצע
krepl,קרעפּל
kreplfleysh,קרעפּלפֿלייש
krayd,קרײַד
krayz,קרײַז
kashe,קשיא
rob,ראָב
rabiner,ראַבינער
rog,ראָג
rogal,ראָגאַל
rod,ראָד
radzha,ראַדזשאַ
radyo,ראַדיאָ
rover,ראָווער
rozhinke,ראָזשינקע
rat,ראַט
rot,ראָט
rothoyz,ראָטהויז
role,ראָלע
roman,ראָמאַן
rats,ראַץ
ratsyonalizm,ראַציאָנאַליזם
raket,ראַקעט
rosheshone,ראָש־השנה
rishen,ראשון
reb,רב
rov,רבֿ
rebe,רבי
rebe-nisl,רבי־ניסל
rabeynu,רבינו
rebenyu,רביניו
rebistve,רביסטװע
rebetsin,רביצין
rabeynu,רבנו
rege,רגע
rov,רובֿ
rubl,רובל
roygez,רוגז
rugze,רוגזה
ruder,רודער
ruekh,רוח
rukhnies,רוחניות
royz,רויז
roytarmeyer,רויטאַרמייער
rumenish,רומעניש
rumener,רומענער
rus,רוס
ruslender,רוסלענדער
rukn,רוקן
rakhmones,רחמנות
riter,ריטער
rikhter,ריכטער
ring,רינג
rind,רינד
rindfleysh,רינדפֿלייש
rip,ריפּ
regirung,רעגירונג
reglament,רעגלאַמענט
regn,רעגן
regn-boygn,רעגן־בויגן
regn-mantl,רעגן־מאַנטל
regnboygn,רעגנבויגן
redaktor,רעדאַקטאָר
reder,רעדער
revolver,רעוואָלווער
revolutsye,רעוואָלוציע
retekh,רעטעך
retekhl,רעטעכל
rekht,רעכט
religye,רעליגיע
rendl,רענדל
restoran,רעסטאָראַן
reform,רעפֿאָרם
republik,רעפּובליק
repetitsye,רעפּעטיציע
repertuar,רעפּערטואַר
referendum,רעפֿערענדום
retsept,רעצעפּט
rekl,רעקל
resht,רעשט
refue,רפֿואה
roshe,רשע
rayz,רײַז
raykhkayt,רײַכקײַט
reb,ר׳
soyne,שׂונא
sotn,שׂטן
sine,שׂינאה
skhires,שׂכירות
seykhl,שׂכל
skhar,שׂכר
simkhe,שׂמחה
sine,שׂנאה
sreyfe,שׂרפֿה
srore,שׂררה
sho,שאָ
shod,שאָד
shotn,שאָטן
shokh,שאָך
shakhmat,שאַכמאַט
shokhfigur,שאָכפֿיגור
shal,שאַל
shalikl,שאַליקל
shande,שאַנדע
shos,שאָס
shof,שאָף
shakal,שאַקאַל
sharbn,שאַרבן
shayle,שאלה
sheyvet,שבֿט
shabes,שבת
sheyd,שד
shadkhn,שדכן
shvab,שוואַב
shvoger,שוואָגער
shvom,שוואָם
shvan,שוואַן
shvants,שוואַנץ
shvartser,שוואַרצער
shviger,שוויגער
shvits,שוויץ
shvitsbod,שוויצבאָד
shvebl,שוועבל
shvegerin,שוועגערין
shvedish,שוועדיש
shveml,שוועמל
shvester,שוועסטער
shvesterl,שוועסטערל
shver,שווער
shverd,שווערד
shoykhet,שוחט
shoyte,שוטה
shoys,שויס
shoyshpiler,שוישפּילער
shoyshpilerin,שוישפּילערין
shukh,שוך
shul,שול
shuld,שולד
shule,שולע
shuster,שוסטער
shup,שופּ
shoyfet,שופֿט
shoyfer,שופר
shoyfer,שופֿר
shoyresh,שורש
shokher,שחור
shakhres,שחרית
shtohl,שטאָהל
shtat,שטאַט
shtot,שטאָט
shtotgortn,שטאָטגאָרטן
shtol,שטאָל
shtapl,שטאַפּל
shtafet,שטאַפֿעט
shtokfish,שטאָקפֿיש
shtub,שטוב
shtudye,שטודיע
shtoyb,שטויב
shtoybzoyger,שטויבזויגער
shtoybmashin,שטויבמאַשין
shtul,שטול
shtup,שטופּ
shturem,שטורעם
shtus,שטות
shtuseray,שטותערײַ
shtibl,שטיבל
shtivl,שטיוול
shteyn,שטיין
shtik,שטיק
shtikl,שטיקל
shtikshtof,שטיקשטאָף
shtetl,שטעטל
shtekhl-khazer,שטעכל־חזיר
shtekhler,שטעכלער
shtekher,שטעכער
shtekl,שטעקל
shtekn,שטעקן
shtern,שטערן
shtrom,שטראָם
shtrudl,שטרודל
shtroy,שטרוי
shtrik,שטריק
shtrayml,שטרײַמל
shtshav,שטשאַוו
shidekh,שידוך
sheygets,שייגעץ
sheygetsl,שייגעצל
sheyd,שייד
sheytl,שייטל
shayekh,שייך
sheyn,שיין
sheynkeyt,שיינקייט
shiker,שיכּור
shild,שילד
shilderung,שילדערונג
shinke,שינקע
shif,שיף
shifl,שיפֿל
shifer,שיפֿער
shiferin,שיפֿערין
shikse,שיקסע
shir,שיר
shire,שירה
shirem,שירעם
shishke,שישקע
shkhine,שכינה
shokhn,שכן
shlakht,שלאַכט
shlakhtman,שלאַכטמאַן
shlakhtfeld,שלאַכטפֿעלד
shlang,שלאַנג
shlos,שלאָס
shloser,שלאָסער
shlof,שלאָף
shloflozikeyt,שלאָפֿלאָזיקייט
shloftsimer,שלאָפֿצימער
shlafkeyt,שלאַפֿקייט
shlofrok,שלאָפֿראָק
sholem,שלום
shaleshudes,שלוש־סעודות
shlyukhe,שליוכע
shliekh,שליח
shleykes,שלייקעס
shlimazl,שלימזל
shlimazlnitse,שלימזלניצע
shlimil,שלימיל
shlisl,שליסל
shlesl,שלעסל
shmate,שמאַטע
shmokh,שמאָך
shmalts,שמאַלץ
shmant,שמאַנט
shmok,שמאָק
shmorak,שמאָראַק
shmues,שמועס
shmuts,שמוץ
shmid,שמיד
shmidhamer,שמידהאַמער
shmeykhl,שמייכל
shmir,שמיר
shmirkez,שמירקעז
shmegege,שמעגעגע
shmek,שמעק
shmekl,שמעקל
shmekele,שמעקעלע
shmerts,שמערץ
shames,שמש
shames,שמשׂ
shameste,שמשׂטע
shnoz,שנאָז
shnaps,שנאַפּס
shnorer,שנאָרער
shnur,שנור
shney,שניי
shneymentsh,שניימענטש
shneyele,שנייעלע
shnips,שניפּס
shnirl,שנירל
shnek,שנעק
shnayder,שנײַדער
shnayderuk,שנײַדערוק
shnayderyung,שנײַדעריונג
shnayderke,שנײַדערקע
shnayderay,שנײַדערײַ
sho,שעה
sheptsh,שעפּטש
sheps,שעפּס
sher,שער
sherl,שערל
sherer,שערער
shererin,שערערין
shpalt,שפּאַלט
shpanyer,שפּאַניער
shpyon,שפּיאָן
shpyonazh,שפּיאָנאַזש
shpigl,שפּיגל
shpiz,שפּיז
shpitol,שפּיטאָל
shpil,שפּיל
shpiler,שפּילער
shpilke,שפּילקע
shpin,שפּין
shpinat,שפּינאַט
shpinveb,שפּינוועב
shpits,שפּיץ
shpek,שפּעק
shperl,שפּערל
shprakh,שפּראַך
shprakh-visnshaft,שפּראַך־וויסנשאַפֿט
shprakhgefil,שפּראַכגעפֿיל
shprikhvort,שפּריכוואָרט
shpringer,שפּרינגער
shprits,שפּריץ
shpayekhts,שפּײַעכץ
shpayekhts,שפייעכץ
shifles,שפֿלות
shekl,שקל
shklaf,שקלאַף
shroyf,שרויף
shrimp,שרימפּ
shrift,שריפֿט
shriftshteler,שריפֿטשטעלער
shrek,שרעק
shrayber,שרײַבער
shrayberin,שרײַבערין
shtadlen,שתּדלן
shtadlones,שתּדלנות
shtuhl,שתוהל
shayn,שײַן
tayve,תּאוה
teyve,תּבֿה
tvue,תּבֿואה
tom,תּהום
tokh,תּוך
tkhine,תּחינה
tokhes,תּחת
tokhes-leker,תּחת לעקער
tifle,תּיפֿלה
tikn,תּיקון
teyrets,תּירוץ
tishebov,תּישעה־באָבֿ
takhshet,תּכשיט
tel,תּל
tliye,תּליה
talyen,תּליון
talyen,תּלין
talmetoyre,תּלמוד־תּורה
talmed,תּלמיד
talmid-khokhem,תּלמיד־חכם
talmido,תּלמידה
tam,תּם
tamez,תּמוז
temimes,תּמימות
tane,תּנא
tnay,תּנאַי
tones,תּענית
tfile,תּפֿילה
tfiln,תּפֿילין
tfise,תּפֿיסה
tkufe,תּקופֿה
takone,תּקנה
targem,תּרגום
tshuve,תּשובֿה
tashlekh,תּשליך
tishebov,תּשעה־באָבֿ
tishre,תּשרי
tokhes,תחת
